{
  "merge_sort": {
    "name": "Merge Sort",
    "complexity_time": "O(n log n)",
    "complexity_space": "O(n)",
    "sizes": {
      "100": {
        "avg_time": 0.7458999985828996,
        "avg_energy": 0.01864749996457249,
        "avg_memory": 4.40625,
        "times": [
          0.8008999975572806,
          0.7122999995772261,
          0.7262999970407691,
          0.7411999977193773,
          0.7488000010198448
        ],
        "energies": [
          0.020022499938932015,
          0.017807499989430653,
          0.018157499926019227,
          0.018529999942984432,
          0.01872000002549612
        ],
        "memories": [
          4.4140625,
          4.40625,
          4.4296875,
          4.3984375,
          4.3828125
        ]
      }
    },
    "avg_time": 0.7458999985828996,
    "avg_energy": 0.01864749996457249,
    "avg_memory": 4.40625
  }
}