{
  "floyd_warshall": {
    "name": "Floyd-Warshall",
    "complexity_time": "O(n³)",
    "complexity_space": "O(n²)",
    "sizes": {
      "1000": {
        "avg_time": 16.921233333656954,
        "avg_energy": 0.42303083334142383,
        "avg_memory": 15.841145833333334,
        "times": [
          33.0906999988656,
          9.172800000669667,
          8.500200001435587
        ],
        "energies": [
          0.8272674999716401,
          0.2293200000167417,
          0.21250500003588968
        ],
        "memories": [
          15.90625,
          15.8125,
          15.8046875
        ]
      }
    },
    "avg_time": 16.921233333656954,
    "avg_energy": 0.42303083334142383,
    "avg_memory": 15.841145833333334
  },
  "bellman_ford": {
    "name": "Bellman-Ford",
    "complexity_time": "O(V*E)",
    "complexity_space": "O(V)",
    "sizes": {
      "1000": {
        "avg_time": 1.8766333341773134,
        "avg_energy": 0.046915833354432834,
        "avg_memory": 15.708333333333334,
        "times": [
          2.0212000017636456,
          1.8060000002151355,
          1.802700000553159
        ],
        "energies": [
          0.05053000004409114,
          0.04515000000537839,
          0.045067500013828976
        ],
        "memories": [
          25.234375,
          10.953125,
          10.9375
        ]
      }
    },
    "avg_time": 1.8766333341773134,
    "avg_energy": 0.046915833354432834,
    "avg_memory": 15.708333333333334
  }
}