{
  "merge_sort": {
    "name": "Merge Sort",
    "complexity_time": "O(n log n)",
    "complexity_space": "O(n)",
    "sizes": {
      "100": {
        "avg_time": 0.7549666661361698,
        "avg_energy": 0.018874166653404245,
        "avg_memory": 4.4140625,
        "times": [
          0.7913999979791697,
          0.7469999982276931,
          0.7265000022016466
        ],
        "energies": [
          0.019784999949479243,
          0.01867499995569233,
          0.018162500055041164
        ],
        "memories": [
          4.40625,
          4.40625,
          4.4296875
        ]
      },
      "500": {
        "avg_time": 4.905000000386887,
        "avg_energy": 0.12262500000967218,
        "avg_memory": 17.143229166666668,
        "times": [
          6.4305000014428515,
          4.239999998389976,
          4.044500001327833
        ],
        "energies": [
          0.1607625000360713,
          0.1059999999597494,
          0.10111250003319583
        ],
        "memories": [
          17.140625,
          17.1328125,
          17.15625
        ]
      }
    },
    "avg_time": 2.8299833332615285,
    "avg_energy": 0.0707495833315382,
    "avg_memory": 10.778645833333334
  }
}