{
  "merge_sort": {
    "name": "Merge Sort",
    "complexity_time": "O(n log n)",
    "complexity_space": "O(n)",
    "sizes": {
      "100": {
        "avg_time": 0.7334333325464589,
        "avg_energy": 0.01833583331366147,
        "avg_memory": 4.4296875,
        "times": [
          0.8334999984072056,
          0.7060999996610917,
          0.6606999995710794
        ],
        "energies": [
          0.02083749996018014,
          0.017652499991527293,
          0.016517499989276985
        ],
        "memories": [
          4.4375,
          4.4296875,
          4.421875
        ]
      }
    },
    "avg_time": 0.7334333325464589,
    "avg_energy": 0.01833583331366147,
    "avg_memory": 4.4296875
  }
}